cluster_id,cluster_size,website
0,792,culliganlemars.com
0,792,krugerkaldnes.no
0,792,wurth.com.mk
0,792,airbnb.nl
0,792,wordans.it
0,792,toyotatokullar.com.tr
0,792,honda-caen.com
0,792,airbnb.com.tw
0,792,culliganhoriconwatertown.com
0,792,mazda-autohaus-blank-dinkelsbuehl.de
0,792,servier.ge
0,792,ardex.com.tw
0,792,solatube.co.uk
0,792,flashbay.pt
0,792,veoliawatertechnologies.es
0,792,mazda-autohaus-haeusler-fuerstenfeldbruck.de
0,792,mazda-autohaus-born-ludwigslust.de
0,792,stanbicbank.co.zm
0,792,monster.ie
0,792,bbraun.com.my
0,792,hansa-flex.com.pl
0,792,bbraun.hu
0,792,bakertilly.se
0,792,edenred.hu
0,792,engie.de
0,792,carglass.dk
0,792,renaultmonterrey.com
0,792,servier.vn
0,792,wurth.cl
0,792,toysrus.com.sg
0,792,servier.ua
0,792,promat.ch
0,792,fmlogistic.es
0,792,sunnybrookprintshop.ca
0,792,iba-protontherapy.com
0,792,skoda-nancy.fr
0,792,mazda-autohaus-albers-doerpen.de
0,792,pingusenglish.ee
0,792,amnesty.id
0,792,actemium.us
0,792,wurthindustry.ca
0,792,experian.co.nz
0,792,bakertilly.no
0,792,tbwazim.co.zw
0,792,mitsubishielectric-printing.com
0,792,siebtechnik-tema.co.uk
0,792,medef-paysdelaloire.fr
0,792,bakertilly-ca.com
0,792,ibc-solar.co.za
0,792,orange.cm
0,792,daikin.az
0,792,mitsubishi-motors.at
0,792,einhell.pl
0,792,daikin.si
0,792,allianz.is
0,792,daikin-manufacturing.de
0,792,wurth.fi
0,792,servier.hu
0,792,equans.hu
0,792,murrelektronik.no
0,792,toyota.com.mk
0,792,indiancancersocietybangalore.org
0,792,ymcaswv.com
0,792,subaru.lu
0,792,julis-mfr.de
0,792,cvjm-pfalz.de
0,792,ikea.pr
0,792,bosch-pt.com.au
0,792,fronticsamerica.com
0,792,mazda-autohaus-wilk-kaczmarek-schwerin.de
0,792,inductothermgroup.jp
0,792,ibc-solar.nl
0,792,globalconnectgroup.com
0,792,culligancentralindiana.com
0,792,kalyanmachines.com
0,792,yves-rocher.at
0,792,mazdaofsouthcharlotte.com
0,792,veolia.com.sg
0,792,ardex.eu
0,792,applebees.com.gt
0,792,servier.sk
0,792,bakertilly.lv
0,792,manpowergroup.cz
0,792,mazda-autohaus-banaszak-kleve.de
0,792,spp.cz
0,792,airbnb.co.in
0,792,allianz-sebastiankoch.de
0,792,schaumann.cz
0,792,nikon-mea.com
0,792,toyotakocaelikaya.com.tr
0,792,algordanza.com.au
0,792,advocarewdp.com
0,792,zalando.no
0,792,lamborghinisarasota.com
0,792,veolia.ma
0,792,baywa-re.co.kr
0,792,intersport.sk
0,792,asendia.dk
0,792,duracell.es
0,792,actemium.ca
0,792,bioderma.it
0,792,tanameracoffee.com
0,792,mazda-autohaus-elstner-jena.de
0,792,mazda-autohaus-baumgart-altensteig.de
0,792,svntrinity.com
0,792,toyotacavdarli.com.tr
0,792,ecotec-usa.com
0,792,gs1lt.org
0,792,veolia.pl
0,792,countryroadsford.net
0,792,dulux.ie
0,792,misterwhat.pl
0,792,crocs.ch
0,792,ovb.ro
0,792,sitechnw.com
0,792,synergie.com
0,792,daikinmalaysia.com
0,792,muvpropiedades.com.ar
0,792,actemium.com.br
0,792,allianz.sg
0,792,flashbay.fr
0,792,hertz.am
0,792,sourceadvisors.co.uk
0,792,mazda-autohaus-behrens-magdeburg-ottersleben.de
0,792,renaultsanzhispano.es
0,792,intersport.dk
0,792,meggle-group.com
0,792,atalian.com.tr
0,792,murrelektronik.kr
0,792,cbrain.com
0,792,renaulttersa.com.mx
0,792,ford.pl.ua
0,792,renault-tortosa.es
0,792,rotary-club-paris-se.org
0,792,hondabintang.com
0,792,spitex-buchs.ch
0,792,amway.co.jp
0,792,reedglobal.sg
0,792,sto.es
0,792,atalian.sg
0,792,toyotadolak.cz
0,792,crocssa.co.za
0,792,esseskincare.se
0,792,freseniuskidneycare.com
0,792,airbnb.si
0,792,culliganallegan.com
0,792,plastoplan.si
0,792,asendia.co.uk
0,792,menicon.sg
0,792,airbnb.ba
0,792,whisky.de
0,792,daikin.al
0,792,jungheinrich.in
0,792,toyotamici.com.tr
0,792,powerint.cn
0,792,mcdonalds.md
0,792,fordmediacenter.nl
0,792,demeter.at
0,792,nordicpharma.pt
0,792,reedglobal.com.mt
0,792,toyotagocmenturk.com.tr
0,792,renault.dk
0,792,pkfthailand.asia
0,792,savethechildren.org.au
0,792,santillana.com.uy
0,792,eccreditcontrol.com.au
0,792,meggle-bakery.com
0,792,bakertilly.lk
0,792,toyotasanpablo.com.ph
0,792,modshair-hannover.de
0,792,modshair-stuttgart.de
0,792,metlife.com.tr
0,792,mazda-autohaus-ehrlich-aschaffenburg.de
0,792,fluidmasteruk.com
0,792,vetpartners.fr
0,792,sekulin-allianz.de
0,792,trulynolenalagoas.com.br
0,792,mazda-autopark-rath-krefeld.de
0,792,intersport.si
0,792,intersport-arc2000.com
0,792,kiajc.com
0,792,manpowergroup.ca
0,792,intersport-courchevel1550.com
0,792,subwaypacific.com
0,792,flashbay.no
0,792,mazda-autohaus-tabbouch-speyer.de
0,792,meyersound.de
0,792,toyotasandikci.com.tr
0,792,worldvision.org.sv
0,792,overheaddoorcompanyjackson.com
0,792,veka.pt
0,792,honda-larochelle.com
0,792,toyotaaktoy.com.tr
0,792,mazda-krakow-kazokuluzar.pl
0,792,subaru.com.pa
0,792,honda-melun.com
0,792,lidl-ni.co.uk
0,792,veolia.nl
0,792,wurth.com.tw
0,792,bbraun.co.th
0,792,mazda-warszawa-odyssey.pl
0,792,veoliawatertech.com
0,792,thelocal.it
0,792,cdvi.fr
0,792,aeccglobal.vn
0,792,lcvesta.nl
0,792,actemium.it
0,792,wurth.com.vn
0,792,pearsonclinical.co.uk
0,792,mazdacorpuschristi.com
0,792,pirtek.se
0,792,laborelec.com
0,792,plameco-huizen.nl
0,792,daikin-iraq.com
0,792,bakertilly.bg
0,792,veolia.fi
0,792,fattalhotelgroup.com
0,792,metlife.com.ar
0,792,sonepar.cz
0,792,mazda-autohaus-ubben-aurich.de
0,792,mazda-autohaus-lehmann-senftenberg.de
0,792,protectourwinters.de
0,792,renault.com.my
0,792,sackit.no
0,792,zkteco.com.bd
0,792,intersport.hu
0,792,invisalign.de
0,792,fitness4homesuperstore.com
0,792,spitex-wasseramt.ch
0,792,ford.vn.ua
0,792,thelocal.es
0,792,mazda-lodz-matsuoka.pl
0,792,mazda-autohaus-schneider-sondershausen.de
0,792,santanderconsumer.fi
0,792,savethechildren.ca
0,792,jscosccha.com
0,792,saint-gobain-glass.es
0,792,cdvi.com
0,792,axa.be
0,792,mazda.si
0,792,funiber.cm
0,792,thelocal.ch
0,792,veolia.com.ru
0,792,giacomini.cz
0,792,toyotakuzen.com.tr
0,792,shopee.vn
0,792,sealy.co.kr
0,792,savethechildren.org.uk
0,792,mapfre.com.gt
0,792,mffshopen.se
0,792,avia-belgomine.be
0,792,besins-healthcare.se
0,792,kapanfastigheter.se
0,792,misterwhat-au.com
0,792,isover.fi
0,792,nobleprog.com.ar
0,792,culliganslc.com
0,792,tridentseafoods.jp
0,792,mcdonalds.co.za
0,792,subway.com.tw
0,792,subaru.mt
0,792,hyundaiblacktown.com.au
0,792,deheus.co.in
0,792,carglass.lt
0,792,toyota-evreux.fr
0,792,tasuki-holdings.co.jp
0,792,nobleprog.co.th
0,792,pingusenglish.vn
0,792,foxinaboxgoldcoast.com
0,792,processcommunicationmodel.sk
0,792,fleishmanhillard.cn
0,792,hofmann-personal.cz
0,792,buffalotours.es
0,792,spitex-meggen.ch
0,792,daikinczech.cz
0,792,wurth.ua
0,792,toyotasonkar.com.tr
0,792,aeccglobal.co.id
0,792,honda-marseille.com
0,792,lamborghini-stuttgart.com
0,792,menicon.fr
0,792,isuzu.co.mz
0,792,daikin.rs
0,792,toyotanatas.com.tr
0,792,stanbicbank.co.zw
0,792,worldvision.org.nz
0,792,tgmresearch.vn
0,792,allianzgloballife.com
0,792,tapflo.it
0,792,mazda-automobile-weberpals-sonneberg-hoenbach.de
0,792,bakertilly.ky
0,792,mazda-autohaus-bayer-goessweinstein.de
0,792,toyotaefe.com.tr
0,792,culliganflint.com
0,792,tapflo.hu
0,792,mitsubishi-motors.com.ar
0,792,adecco.com.vn
0,792,bauder.be
0,792,mazda-wroclaw-wrobel.pl
0,792,skssweden.se
0,792,svnnc.com
0,792,allianz-peev.de
0,792,adra.sk
0,792,msd.es
0,792,despat.com
0,792,grantthornton.ci
0,792,mazda-autohaus-heider-dresden.de
0,792,ibc-solar.it
0,792,bioderma-india.in
0,792,renaulttlalnepantla.com.mx
0,792,bakertilly.com.cy
0,792,equans.cl
0,792,unicharm.com.br
0,792,affidea.ch
0,792,pingusenglish.my
0,792,pkf-l.com
0,792,mazda-autohaus-brutschin-lenzkirch.de
0,792,hertz.com.do
0,792,deheus.pl
0,792,drinkculligan.com
0,792,toyotaconstanta.ro
0,792,ikea.co.id
0,792,culliganchampaign.com
0,792,altriusconsulting.com
0,792,avis.nc
0,792,statkraft.com.tr
0,792,hertz.com.ge
0,792,decathlon.pl
0,792,pearson.com.hk
0,792,bbraun-vetcare.pt
0,792,modshair-nuernberg.de
0,792,mapfre.com.ve
0,792,besins-healthcare.com.mx
0,792,papajohns.co.nl
0,792,azets.ie
0,792,daikinqatar.com
0,792,vamdodoma.ru
0,792,trulynolenpiaui.com.br
0,792,savethechildren.mx
0,792,amway.at
0,792,wurth.lk
0,792,mazda-autohaus-witthoeft-bad-oldesloe.de
0,792,spie-wirliebenkabel.de
0,792,misterwhat.com.br
0,792,renault-tessenderlo.be
0,792,specialolympics.com.au
0,792,zalando.at
0,792,inductotherm.co.kr
0,792,intersport-risoul.com
0,792,servier.com.br
0,792,lindt.at
0,792,kiaofwestburlington.com
0,792,honda-cannes.com
0,792,funiber.org.co
0,792,meniconamerica.com
0,792,goliathgames.de
0,792,culliganbetterwater.com
0,792,statkraft.nl
0,792,shopee.co.th
0,792,toyota-rillieux.fr
0,792,zalando.dk
0,792,schaumann.fr
0,792,spitexampuls.ch
0,792,grantthornton.bg
0,792,holidayland-wunstorf.de
0,792,norauto-empleo.es
0,792,servier.bg
0,792,sto-sea.com
0,792,honda-chateauroux.com
0,792,globalconnectcarrier.com
0,792,veoliawatertechnologies.de
0,792,medef79.fr
0,792,eurotradus.eu
0,792,avia.hu
0,792,mazda-autohaus-hamester-hamburg-bergedorf.de
0,792,designmehair.cz
0,792,statkraft.com.pe
0,792,modshair-koeln-city.de
0,792,budget.com.do
0,792,infiniti.com.pa
0,792,flashbay.es
0,792,mapfre.com.py
0,792,venaenergy.co.jp
0,792,customneon.com.au
0,792,mazda-autohaus-rottmann-bottrop.de
0,792,foxinaboxgraz.at
0,792,tbwa-entelia.com
0,792,airbnb.cz
0,792,wwf.org.nz
0,792,mazdalakeland.com
0,792,intersport.com.cy
0,792,canon.com.br
0,792,infiniti.com.tw
0,792,culliganjanesville.com
0,792,spitex-rothenburg.ch
0,792,annotext.de
0,792,mazda-autohaus-roessel-birkenau.de
0,792,ibc-solar.jp
0,792,medef-beziers.fr
0,792,svnvanguardla.com
0,792,hannainst.hr
0,792,grantthornton.com.ve
0,792,ilmercatoambacht.nl
0,792,allianzlifechanger.com
0,792,mazda-autohaus-haese-erkrath-hochdahl.de
0,792,monster.at
0,792,ebay.com.hk
0,792,metlife.com.bd
0,792,thelocal.at
0,792,orange.sn
0,792,veolia.am
0,792,fmlogistic.com.br
0,792,allianz.ma
0,792,bbraun.pt
0,792,wwf.es
0,792,intersport.cz
0,792,nestle.com.ve
0,792,baywa-re.com.au
0,792,culliganlacrosse.com
0,792,ibc-solar.cz
0,792,tbwa.co.za
0,792,cleansui-usa.com
0,792,toyotabacau.ro
0,792,mazda-autohaus-bolluck-goslar.de
0,792,mazda-autohaus-thoss-falkenstein.de
0,792,jll.fi
0,792,menicon.es
0,792,wwf.or.th
0,792,wuerth.com.ph
0,792,axa.dz
0,792,spitex-region-stockhorn.ch
0,792,asendiausa.com
0,792,mazda-autohaus-hoeffner-clausen.de
0,792,synergiejobs.at
0,792,bakertilly.sg
0,792,servier.com.ar
0,792,honda.com.bd
0,792,sto.com.tr
0,792,aliaxis-me.com
0,792,jungheinrich.co.nz
0,792,toyotaalbania.al
0,792,ymcatriangle.org
0,792,allianz-handwerker.de
0,792,mazda-autohaus-roeser-grossmaischeid.de
0,792,reedglobal.com.tr
0,792,toyotaakten.com.tr
0,792,veolianorthamerica.com
0,792,allianzdarta.ie
0,792,pkfcr.co.nz
0,792,cdvi.de
0,792,mazda-autohaus-torp-wilhelmshaven.de
0,792,honda-bordeaux.com
0,792,davesmithfordonline.net
0,792,teknoware.ae
0,792,manpowergroup.com.sg
0,792,vantagepoint.co.id
0,792,mycabin.ie
0,792,avia.nl
0,792,daikin.mk
0,792,savethechildren.mn
0,792,nutrienagsolutions.ca
0,792,flashbay.co.nz
0,792,wwfcz.org
0,792,pirtek.be
0,792,grantthornton.com.sv
0,792,bioderma.ec
0,792,tapflo.kz
0,792,zalando.ch
0,792,renaultpatriotismo.com.mx
0,792,mazda-autohaus-schmidt-meschede.de
0,792,santanderconsumer.no
0,792,educab.com.au
0,792,sothebysrealty.ae
0,792,honda.com.ng
0,792,renault-materom.ro
0,792,advocaremorristownpediatrics.com
0,792,honda-villebon.com
0,792,furuno.fr
0,792,lghealthjobs.org
0,792,komoder.co.uk
0,792,veolia.bg
0,792,bioderma.pl
0,792,ccusa.co.za
0,792,kind-der-stadt.at
0,792,nordicpharma.fr
0,792,carglass.gr
0,792,experianacademy.com
0,792,toyotasamlioglu.com.tr
0,792,mazda-autohaus-henn-weilamrhein.de
0,792,worldvisionmexico.org.mx
0,792,einhell.ba
0,792,culligantucson.com
0,792,gjw-nrw.de
0,792,biothanesolutions.com
0,792,toyota-s.co.il
0,792,cdviberica.com
0,792,bioderma.com.hr
0,792,spitexgraenichen.ch
0,792,immunospot.eu
0,792,linde-healthcare.nl
0,792,howdenoze.pl
0,792,mazda-autohaus-friedmann-steinfeld.de
0,792,misterwhat.nl
0,792,veolia.in
0,792,jll.co.kr
0,792,pingusenglish.ac.th
0,792,overheaddoormankato.com
0,792,altenromania.ro
0,792,grantthornton.do
0,792,bakertilly.ng
0,792,toyotasarar.com.tr
0,792,menicon.co.uk
0,792,mazda-autohaus-gollan-hamm.de
0,792,toyotayigitvar.com.tr
0,792,grantthornton.co.im
0,792,sto.fi
0,792,manpowergroup.se
0,792,veolia.com.gh
0,792,airbnb.am
0,792,foxinabox.mx
0,792,ibc-solar.es
0,792,mazda-autohaus-lotspeich-muenchen.de
0,792,toyota-saint-victoret.com
0,792,crocs.com.pe
0,792,besins-healthcare.nl
0,792,daikinkuwait.com
0,792,paybase.netlify.app
0,792,savethechildren.or.id
0,792,vbh.hu
0,792,daikin.ch
0,792,renaultvercammen.be
0,792,toyota-rambouillet.fr
0,792,adecco.de
0,792,bakertilly.pt
0,792,carlsjr.com.sg
0,792,vbh.hr
0,792,trisa.bg
0,792,mazda-autohaus-hansmann-melsungen.de
0,792,meggle-cheese.com
0,792,renaulttepic.mx
0,792,toyotaoztoprakhatay.com.tr
0,792,astrazeneca.dk
0,792,daikin.com.vn
0,792,medknow.com
0,792,autosecuritas-passins.fr
0,792,veoliawatertechnologies.fr
0,792,spitex-hoefe.ch
0,792,allianz-rose.info
0,792,gjw-sachsen.de
0,792,spitex-flawil-degersheim.ch
0,792,msd-animal-health.co.nz
0,792,mazda-autohaus-kaschmieder-waren.de
0,792,keytitlegroupsa.com
0,792,asendia.sg
0,792,habitatbroward.org
0,792,secureparkinghi.com
0,792,culligandelavan.com
0,792,bakertilly.cl
0,792,toyotaakkoyunlu.com.tr
0,792,toolstationjobs.be
0,792,murrelektronik.fr
0,792,einhell.hr
0,792,holidayland-reisebuero-stuppert.de
0,792,bioderma.com
0,792,actemium.id
0,792,trulynolencampogrande.com.br
0,792,isover.ua
0,792,esseskincare.nl
0,792,pefc.fi
0,792,hertz-autopujcovna.cz
0,792,nikon.com.sg
0,792,howdensafetysolutions.com
0,792,veolia.jp
0,792,lueck-gruppe.de
0,792,mazda-autohaus-klein-bietigheim-bissingen.de
0,792,analytik-jena.fr
0,792,culliganadvantage.com
0,792,synlab.com.ng
0,792,compo.es
0,792,servier.com.pa
0,792,sitech.ch
0,792,holidayland-pohlheim.de
0,792,culliganbrighton.com
0,792,msd-animal-health.dk
0,792,gulfoilchina.com
0,792,veolia.de
0,792,modshair-bielefeld.de
0,792,toyotaparmaksizlar.com.tr
0,792,honda-reims.com
0,792,lamborghini-frankfurt.com
0,792,pirtek.at
0,792,toysrus.com.sa
0,792,nobleprog.com.ng
0,792,decathlon.hu
0,792,acuraofgainesville.com
0,792,yves-rocher.pt
0,792,saint-gobain.al
0,792,renault-fama.be
0,792,toyota-magny.fr
0,792,benefitsystems.hr
0,792,soventix.cl
0,792,mitsubishi-motors.com.kw
0,792,heydudeshoes.es
0,792,internationalsos.no
0,792,edf-re.com.au
0,792,rsmthailand.com
0,792,mazda-autohaus-schindlbeck-schwandorf.de
0,792,experian.com.sg
0,792,titancontainers.at
0,792,saint-gobain.com.co
0,792,servier.co.uk
0,792,pearsonclinical.ca
0,792,toyota-givors.fr
0,792,julis-stuttgart.de
0,792,nutricia.ie
0,792,aeccglobal.ng
0,792,toysrus.com.my
0,792,mazda-warszawa-bemomotors.pl
0,792,bbraun.pk
0,792,toyotacetas.com.tr
0,792,mazdaofpottstown.com
0,792,nutriciavoorjou.nl
0,792,trulynolenbarueri.com.br
0,792,mazda-autohaus-hellwig-hoyerswerda.de
0,792,hansa-flex.com.cn
0,792,pacificinfotech.co.uk
0,792,johcm-ukconference.com
0,792,synlab.com.gh
0,792,cdljovem.org.br
0,792,mazda-autohaus-becker-homburg-bruchhof.de
0,792,pkffinconta.ro
0,792,airbnb.com.vn
0,792,spitex-freiamt.ch
0,792,duracell.it
0,792,titancontainers.co.uk
0,792,veoliawatertechnologies.it
0,792,honda-angouleme.com
0,792,bbraun.nl
0,792,bbraun.cz
0,792,decathlon.com.br
0,792,daikin.fi
0,792,mazda-autohaus-hohenfeld-dinslaken.de
0,792,bestdrive.ie
0,792,mazda-autocentrum-engin-holzminden.de
0,792,invisalign.co.il
0,792,fmlogistic.cz
0,792,actemium.at
0,792,ymca-cnw.org
0,792,reedglobal.hu
0,792,implantcenter-dentistry.co.uk
0,792,bakertilly.com.pa
0,792,daikin-ksa.com
0,792,worldvision.bo
0,792,savethechildren.org.ph
0,792,bakertilly.ke
0,792,daikincareers.com
0,792,daikinegypt.com
0,792,medef-ain.fr
0,792,unglobalcompact.ca
0,792,duracell.in
0,792,ebay.fr
0,792,mazda-autohaus-gruendel-doerth.de
0,792,veoliawatertechnologies.fi
0,792,zalando.nl
0,792,veolia.cz
0,792,jysk.mk
0,792,autosecuritas-ducos.fr
0,792,vettersculliganwater.com
0,792,bbraun.co.za
0,792,nutricia.pt
0,792,duracleancarpet.com
0,792,pearsonschoolsandfecolleges.co.uk
0,792,avia-unimot.com.ua
0,792,svnprovidence.com
0,792,toyotahonduras.com
0,792,immanuelalbertinen.de
0,792,kiaofverobeach.com
0,792,niproaustralia.com.au
0,792,veolia.fr
0,792,starkeypro.com.au
0,792,minisocr.com
0,792,future-x.at
0,792,viessmann.ua
0,792,extremeadventureraces.com
0,792,yvesrocher.com.tr
0,792,decathlon.ch
0,792,bbraun.ph
0,792,kiaofduluth.com
0,792,polarysgroup.eu
0,792,berlitzph.com
0,792,mazda-autohaus-wagner-dortmund.de
0,792,actemium.ch
0,792,pkf.jo
0,792,culliganillinois.com
0,792,toyotayatubodrum.com.tr
0,792,nobleprog.com.eg
0,792,cdvielectronics.com
0,792,mazda-autohaus-stoelzel-doehlau.de
0,792,wurth.co.nz
0,792,infiniti-jordan.com
0,792,job-impulse.sk
0,792,honda-lemans.com
0,792,zalando.ee
0,792,mazda-autohaus-grasdanner-holzkirchen.de
0,792,manpowergroup.no
0,792,mazda.lt
0,792,honda-autoland.com
0,792,culliganofsouthwestwisconsin.com
0,792,airbnb.ca
0,792,julis-sachsenanhalt.de
0,792,logmaxbr.com.br
0,792,servier.si
0,792,toyota-montluel.fr
0,792,dfcapital-investors.com
0,792,mazdaofspartanburg.com
0,792,honda-meaux.com
0,792,mazdaofalexandria.com
0,792,culliganatlanta.com
0,792,engie.nl
0,792,cvjm-muensingen.de
0,792,ekartlogistics.in
0,792,edenred.cl
0,792,subaru.eu
0,792,asendia.se
0,792,toyotaaydogan.com.tr
0,792,wuerth.co.th
0,792,cdltresrios.com.br
0,792,veolia.sk
0,792,alten.ca
0,792,astrazeneca.pt
0,792,inductothermgroup.com.br
0,792,jungheinrich.com.au
0,792,isic.bg
0,792,servier.pt
0,792,culliganporthuron.com
0,792,wwf.ro
0,792,funiber.fr
0,792,medef-essonne.org
0,792,secureparkingusa.com
0,792,nobleprog.es
0,792,bbraun.be
0,792,crocs.cl
0,792,logicvapes.co.uk
0,792,mazda-autohaus-schreier-biebergemuend-bieber.de
0,792,amway.ch
0,792,veoliawatertechnologies.pl
0,792,papasaveriospizzeria.com
0,792,spitexlauchetal.ch
0,792,entergy-mississippi.com
0,792,nobleprog.ae
0,792,servier.it
0,792,tenneco.co.jp
0,792,daikin.com.mx
0,792,lindt.com.au
0,792,melgarcases.com
0,792,bakertillygh.com
0,792,gs1hr.org
0,792,alten-consulting.de
0,792,mazda-autohaus-schmidt-grossenhain.de
0,792,piccinifuels.it
0,792,vkf-renzel.nl
0,792,buydaikin.ro
0,792,honda-rouen.com
0,792,aeccglobal.my
0,792,bakertilly.gi
0,792,top-system.com.mk
0,792,luminishealthcareers.org
0,792,berlitz-dublin.ie
0,792,cvjm-gomaringen.de
0,792,zalando.cz
0,792,mazda-autohaus-weber-magdeburg.de
0,792,solatube.no
0,792,h2oinnovation.mx
0,792,murrelektronik.it
0,792,wurthsaudi.com
0,792,pragroup.com.au
0,792,mazda-autohaus-wedding-engelskirchen-albertsth.de
0,792,mazda-autohaus-fenzl-hauzenberg.de
0,792,stocanada.com
0,792,vbh.de
0,792,carglass.ee
0,792,clearblueionizer.be
0,792,fmlogistic.com.ua
0,792,ptsv-hof-minigolf.de
0,792,flashbay.ca
0,792,berlitzmanchester.com
0,792,daikinchemicals.com
0,792,minisoindia.com
0,792,pkfgf.co.nz
0,792,zalando.be
0,792,century21viaplus.be
0,792,linak.cz
1,3,europa-union-havelland.de
1,3,europa-union-hessen.de
1,3,europa-union-diepholz.de
2,31,aamcotracyca.com
2,31,aamcotempe.com
2,31,aamcosalemor.com
2,31,aamcoeugeneor.com
2,31,aamcowebstertx.com
2,31,aamcometuchen.com
2,31,aamcochannelviewtx.com
2,31,aamcosantacruzca.com
2,31,aamcoclaymontde.com
2,31,aamcooaklandca.com
2,31,aamcosantarosa.com
2,31,aamcolaurelmd.com
2,31,aamcoburbank.com
2,31,aamcobrooklyn-ralphave.com
2,31,aamcosanrafaelca.com
2,31,aamcoscottsdaleairpark.com
2,31,aamcowarrentonva.com
2,31,aamcobakersfield-unionave.com
2,31,aamcoscottsdaleroad.com
2,31,aamcopasadenatx.com
2,31,aamcobrooklyn-atlanticave.com
2,31,aamcosilverspringmd.com
2,31,aamcotwinfalls.com
2,31,aamcohouston-veteransmemorial.com
2,31,aamconewportnews.com
2,31,aamcospringfieldoh.com
2,31,aamcowilliamsportpa.com
2,31,aamco-chesapeakeva.com
2,31,aamcoinglewoodca.com
2,31,aamcoseattlewa.com
2,31,aamcobakersfield-whiteln.com
3,49,aamcomcallen.com
3,49,aamco-bellevue.com
3,49,aamcovictorvilleca.com
3,49,aamcopomonaca.com
3,49,aamcomiddletownny.com
3,49,aamcoeastbrunswick.com
3,49,aamcocoronaca.com
3,49,aamcolongbeachca.com
3,49,aamcorockvillemd.com
3,49,aamcochino.com
3,49,aamcobristolpa.com
3,49,aamcoblog.com
3,49,aamco-taylorsvilleut.com
3,49,aamcola-culvercity.com
3,49,aamcotulsa-harvard.com
3,49,aamcobearde.com
3,49,aamcosanbernardinoca.com
3,49,aamcotopekaks.com
3,49,aamcospokanevalleywa.com
3,49,aamcostroudsburg.com
3,49,aamcolakeforestca.com
3,49,aamcophoenixnortheast.com
3,49,aamcolancasterca.com
3,49,aamco-omahasouth.com
3,49,aamcolexingtonwest.com
3,49,aamcocedarparktx.com
3,49,aamcokcnorth.com
3,49,aamcohagerstownmd.com
3,49,aamcoraleigh-capitalblvd.com
3,49,aamcomorganhill.com
3,49,aamcosantaclaritaca.com
3,49,aamcoportsmouthnh.com
3,49,aamcoroundrocktx.com
3,49,aamcoflagstaff.com
3,49,aamco-duluthga.com
3,49,aamcospringfieldva.com
3,49,aamcoescondido.com
3,49,aamcohackettstown.com
3,49,aamcodallastx.com
3,49,aamcorochesterny.com
3,49,aamcoathensga.com
3,49,aamcogolflinks.com
3,49,aamcomanchesterct.com
3,49,aamcoconcordnh.com
3,49,aamcohamptonva.com
3,49,aamcosantaanaca.com
3,49,aamcomarietta-cobbparkway.com
3,49,aamcoaustin-burnetrd.com
3,49,aamcofortlauderdale-dixiehwy.com
4,8,culliganheartland.com
4,8,culliganofpeoria.com
4,8,culliganillinoisvalley.com
4,8,culliganiowa.com
4,8,culliganindiana.com
4,8,culliganwheaton.com
4,8,culliganricelake.com
4,8,culligantotalwaterbaraboo.com
5,2,mercyships.ch
5,2,mercyships.dk
6,10,greatplacetowork.co.il
6,10,greatplacetowork.com.ve
6,10,greatplacetowork.es
6,10,greatplacetowork.com.bo
6,10,greatplacetowork.com.pe
6,10,greatplacetowork.com.cy
6,10,greatplacetowork.com.sg
6,10,greatplacetowork.lu
6,10,greatplacetowork.co.ke
6,10,greatplacetowork.com.py
7,7,linde-gas.at
7,7,linde-gas.ee
7,7,lindesaude.pt
7,7,linde-gas.fi
7,7,linde-gas.lv
7,7,linde-gas.com
7,7,linde-finance.com
8,4,renaultsancosme.com.mx
8,4,renaultpuertovallarta.com.mx
8,4,renaultcampeche.mx
8,4,renaultpatria.com.mx
9,3,linexofwilliston.com
9,3,linexofjoliet.com
9,3,linexofchickasha.com
10,2,jll.ch
10,2,jll.nz
11,23,kia-fischer-cottbus.de
11,23,kia-h-p-schiffweiler.de
11,23,kia-exner.de
11,23,kia-koenig-teltow.de
11,23,kia-kurt-recklinghausen.de
11,23,kia-maier-cham.de
11,23,kia-telke-badschlema.de
11,23,kia-hotz-gardelegen.de
11,23,kia-strehle-dresden.de
11,23,kia-daehn-goeritz.de
11,23,kia-bender-coburg.de
11,23,kia-poeschl-bensheim.de
11,23,kia-brueggemann-neubrandenburg.de
11,23,kia-asc.ru
11,23,kia.co.mz
11,23,kia-hoff-trier.de
11,23,kia-moeller-wunstorf.de
11,23,kia-penning-zetelneuenburg.de
11,23,kia-ebner-baienfurt.de
11,23,kia-beyschlag.at
11,23,kia-dresen-neuss.de
11,23,kia-bachmann-wehretal.de
11,23,kia-auto-center-weiterstadt.de
12,2,fleishmanhillard.cz
12,2,fleishmanhillard.co.id
13,2,medefloire.fr
13,2,terradat.co.uk
14,10,spitex-imboden.ch
14,10,spitex-wuerenlos.ch
14,10,spitexkaiseraugst.ch
14,10,spitex-rotbachtal.ch
14,10,spitex-wyland.ch
14,10,spitex-zimmerberg.ch
14,10,spitexrontalplus.ch
14,10,spitex-bodensee.ch
14,10,spitexgossau.ch
14,10,spitex-gaeu.ch
15,3,mazdaofbedford.com
15,3,mazdaofnorthmiami.com
15,3,mazdafwb.com
16,2,aamco-corpuschristi.com
16,2,aamcowsa.com
17,2,starkey.com.br
17,2,starkey.com.co
18,2,vkf-renzel.dk
18,2,vkf-renzel.co.uk
19,3,chicco.fr
19,3,chicco.ru
19,3,chicco.pl
20,7,medef-cote-opale.com
20,7,medef-ardennes.com
20,7,medef-seineetmarne.fr
20,7,medef-cher.fr
20,7,medef-pays-basque.fr
20,7,medef31.fr
20,7,medef-seine-estuaire.fr
21,3,pkfboi.nz
21,3,pkfcaribbean.com
21,3,pkfsingapore.com
22,2,ikea.com.tw
22,2,ikea.com.hk
23,4,nestle-caribbean.com
23,4,nestle.bg
23,4,nestle.do
23,4,nestle.ir
24,2,mercyships.de
24,2,mercyships.se
25,3,amnestyghana.org
25,3,amnesty.is
25,3,amnesty.eu
26,7,nestle-esar.com
26,7,nestle.co.kr
26,7,nestle.ro
26,7,nestle.com.tw
26,7,nestle.com.pe
26,7,nestle.com.bd
26,7,nestle.dk
27,2,boschautopartes.mx
27,2,bosch-wohnungsgesellschaft.de
28,2,bakertillyeg.com
28,2,bakertilly.pk
29,2,mazdademagog.com
29,2,mazdadesherbrooke.com
30,2,statkraft.ie
30,2,statkraft.com.br
31,3,santillana.com.pa
31,3,santillana.com.hn
31,3,santillana.com.sv
32,2,mazda.nl
32,2,mazda-poznan-voyager.pl
33,4,funiber.it
33,4,funiber.ml
33,4,funiber.ci
33,4,funiber.ma
34,2,dulux.pl
34,2,dulux.in
35,2,tupperware.fr
35,2,tupperware.be
36,2,adra.org.au
36,2,adra.org.rs
